instance_id,group,group_label,axis,axis_value,cell_size_m,nx,ny,nz,n_voxels,n_passable,n_zones,n_sublevels,n_families,reference_type,reference_cost,reference_cost_buildable,best_topology,lower_bound,lower_bound_method,gap_to_lower_bound,grid_sha256,seed
xgrid-f0-qcomp,crossing_grid,Crossing grid,"fault_system, q_regime","none, competent",5.0,126,82,100,1033200,914913,4,4,7,best_known,1275081.4297,3720282.8641,chained_fan,1036869.5044588987,pairwise_divergence,0.229741,sha256:55468d251e37ca8612e0f6d4cb8760270ebfe116af927515651db26f6e33c42d,42000
xgrid-f0-qmix,crossing_grid,Crossing grid,"fault_system, q_regime","none, mixed",5.0,126,82,100,1033200,914913,4,4,7,best_known,1565079.5469,5874367.0151,chained_fan,1279344.7694594217,pairwise_divergence,0.223345,sha256:46b73093137012f4304d03723f2bc4911d6037756e9636e5118e0d184fc029f7,42100
xgrid-f0-qpoor,crossing_grid,Crossing grid,"fault_system, q_regime","none, poor",5.0,126,82,100,1033200,914913,4,4,7,best_known,2866032.4688,8652956.8258,chained_fan,2272975.047509307,pairwise_divergence,0.260917,sha256:a5a6823d4af0e6b459cde701710a6c3adaa75e1c4a0da62576e57ac97b3ae3f4,42200
xgrid-f1-qcomp,crossing_grid,Crossing grid,"fault_system, q_regime","1 fault, competent",5.0,126,82,100,1033200,914913,4,4,7,best_known,1234778.2783,4096983.726,chained_fan,1037135.9286171189,pairwise_divergence,0.190566,sha256:4cb6c4e25f1cbd9a4f3864c792eab5f2c8f35f931ef99bae91f82c6f628e4fe5,42001
xgrid-f1-qmix,crossing_grid,Crossing grid,"fault_system, q_regime","1 fault, mixed",5.0,126,82,100,1033200,914913,4,4,7,best_known,1455235.9609,5649411.376,chained_fan,1216273.9464287679,pairwise_divergence,0.196471,sha256:90c1333d13e042f393aaf0682aae48fb4a42c449515782b03eb7c6943f05bcc5,42101
xgrid-f1-qpoor,crossing_grid,Crossing grid,"fault_system, q_regime","1 fault, poor",5.0,126,82,100,1033200,914913,4,4,7,best_known,2609782.6562,9187322.9413,chained_fan,1996360.6778655585,pairwise_divergence,0.30727,sha256:12b11e472fbeb759883cb5f81db2739f2c3551ad36150b0e3570b15003039599,42201
xgrid-f2x-qcomp,crossing_grid,Crossing grid,"fault_system, q_regime","2 crossing, competent",5.0,126,82,100,1033200,914913,4,4,7,best_known,1237434.9551,4607334.5211,chained_fan,1054885.836370979,pairwise_divergence,0.173051,sha256:93c4aaca90d352665d0810910366415dc6294b01b7dc5c48fbf9abf391e86acc,42002
xgrid-f2x-qmix,crossing_grid,Crossing grid,"fault_system, q_regime","2 crossing, mixed",5.0,126,82,100,1033200,914913,4,4,7,best_known,1627779.4844,5014246.4791,chained_fan,1335288.8800469935,pairwise_divergence,0.219047,sha256:6a83616b589cf818250c2d76447c43a558873cd50bb53cf9ba65422cc4b1a06e,42102
xgrid-f2x-qpoor,crossing_grid,Crossing grid,"fault_system, q_regime","2 crossing, poor",5.0,126,82,100,1033200,914913,4,4,7,best_known,2819663.9297,9483852.3696,chained_fan,2307299.0084078973,pairwise_divergence,0.222063,sha256:b466e4cf975822c38cccdb1db534e7291d36b5465ce6fdd3a60f3aaee7146c46,42202
xgrid-fcj-qcomp,crossing_grid,Crossing grid,"fault_system, q_regime","conjugate, competent",5.0,126,82,100,1033200,914913,4,4,7,best_known,1302700.0859,4741318.4554,chained_fan,1091359.5417733109,pairwise_divergence,0.193649,sha256:30c50a203d3c0edc0ca63c7f7126eb70b8d127fcb67de232b741ecc44fa382c4,42003
xgrid-fcj-qmix,crossing_grid,Crossing grid,"fault_system, q_regime","conjugate, mixed",5.0,126,82,100,1033200,914913,4,4,7,best_known,1575778.8672,6195537.8934,chained_fan,1237832.4724527593,pairwise_divergence,0.273015,sha256:0c8369694a3af5f7053eb49759b42310bdd44e7217a461472f7f0bca3a235cf5,42103
xgrid-fcj-qpoor,crossing_grid,Crossing grid,"fault_system, q_regime","conjugate, poor",5.0,126,82,100,1033200,914913,4,4,7,best_known,2842397.75,9729447.9722,chained_fan,2261708.6225590482,pairwise_divergence,0.256748,sha256:de224e503cdd49715bd7cf71678277801245f356ca9c43b5bba6e3d217b17d7d,42203
portal-south,portal_sweep,Portal sweep,portal_site,south,5.0,126,82,100,1033200,914913,4,4,7,best_known,2819663.9297,9483852.3696,chained_fan,2307299.0084078973,pairwise_divergence,0.222063,sha256:b466e4cf975822c38cccdb1db534e7291d36b5465ce6fdd3a60f3aaee7146c46,42202
portal-north,portal_sweep,Portal sweep,portal_site,north,5.0,126,82,100,1033200,914913,4,4,7,best_known,2822644.2109,10178574.7305,chained_fan,2306028.9889457677,pairwise_divergence,0.224028,sha256:b466e4cf975822c38cccdb1db534e7291d36b5465ce6fdd3a60f3aaee7146c46,42202
portal-east,portal_sweep,Portal sweep,portal_site,east,5.0,126,82,100,1033200,914913,4,4,7,best_known,3538916.5859,11571780.8315,chained_fan,2895858.9478572495,pairwise_divergence,0.222061,sha256:b466e4cf975822c38cccdb1db534e7291d36b5465ce6fdd3a60f3aaee7146c46,42202
portal-west,portal_sweep,Portal sweep,portal_site,west,5.0,126,82,100,1033200,914913,4,4,7,best_known,3420724.3984,12212183.6805,chained_fan,2907514.1105921483,pairwise_divergence,0.176512,sha256:b466e4cf975822c38cccdb1db534e7291d36b5465ce6fdd3a60f3aaee7146c46,42202
zones-02,zone_count,Zone count,n_zones,2,5.0,126,82,100,1033200,914913,2,2,5,exact,2366242.75,8168250.2116,single_junction,2307299.0084078973,pairwise_divergence,0.025547,sha256:b466e4cf975822c38cccdb1db534e7291d36b5465ce6fdd3a60f3aaee7146c46,42202
zones-04,zone_count,Zone count,n_zones,4,5.0,126,82,100,1033200,914913,4,4,7,best_known,2819663.9297,9483852.3696,chained_fan,2307299.0084078973,pairwise_divergence,0.222063,sha256:b466e4cf975822c38cccdb1db534e7291d36b5465ce6fdd3a60f3aaee7146c46,42202
zones-06,zone_count,Zone count,n_zones,6,5.0,126,82,100,1033200,914913,6,4,7,best_known,4112725.7109,11151176.2453,chained_fan,2588658.2181192194,pairwise_divergence,0.588748,sha256:b466e4cf975822c38cccdb1db534e7291d36b5465ce6fdd3a60f3aaee7146c46,42202
zones-08,zone_count,Zone count,n_zones,8,5.0,126,82,100,1033200,914913,8,4,7,best_known,5703318.3633,11481305.5404,chained_fan,3008454.850811884,pairwise_divergence,0.895763,sha256:b466e4cf975822c38cccdb1db534e7291d36b5465ce6fdd3a60f3aaee7146c46,42202
scale-130k,scale_ladder,Scale ladder,cell_size_m,10.0,10.0,63,41,50,129150,114358,4,4,7,best_known,2836435.3438,9985509.6489,chained_fan,2171828.8547188286,pairwise_divergence,0.306012,sha256:4f594398106a8821eaf6b28b47e89c282d8742f8a71bcdb2dc6472e277219846,42202
scale-1m,scale_ladder,Scale ladder,cell_size_m,5.0,5.0,126,82,100,1033200,914913,4,4,7,best_known,2819663.9297,9483852.3696,chained_fan,2307299.0084078973,pairwise_divergence,0.222063,sha256:b466e4cf975822c38cccdb1db534e7291d36b5465ce6fdd3a60f3aaee7146c46,42202
scale-8m,scale_ladder,Scale ladder,cell_size_m,2.5,2.5,252,164,200,8265600,7319376,4,4,7,best_known,2795651.6719,9181062.7357,chained_fan,2280507.7674786113,pairwise_divergence,0.22589,sha256:a24fe8c979f80d7ca5fbdb9713a17c072d880948d1a1750f306671d1df3dddb2,42202
scale-129m,scale_ladder,Scale ladder,cell_size_m,1.0,1.0,630,410,500,129150000,114365849,4,4,7,unsolved,,,,,,,sha256:b6806c7be69e8273225e3486fa72c3098f2ba4b734acb883c6b976f9232dedc8,42202
